{
  "name": "3-Hump Lacooda",
  "number": "86988864",
  "is_illegal": false,
  "text": "If there are 3 face-up \"3-Hump Lacooda\" cards on your side of the field, Tribute 2 of them to draw 3 cards.",
  "type": "Monster",
  "is_monster": true,
  "is_spell": false,
  "is_trap": false,
  "species": "Beast",
  "attack": "500",
  "defense": "1500",
  "attribute": "EARTH",
  "is_pendulum": false,
  "is_xyz": false,
  "is_synchro": false,
  "is_fusion": false,
  "is_link": false,
  "is_extra_deck": false,
  "monster_types": [
    "Effect"
  ],
  "stars": "3"
}