{
  "name": "4-Starred Ladybug of Doom",
  "number": "83994646",
  "is_illegal": false,
  "text": "FLIP: Destroy all Level 4 monsters your opponent controls.",
  "type": "Monster",
  "is_monster": true,
  "is_spell": false,
  "is_trap": false,
  "species": "Insect",
  "attack": "800",
  "defense": "1200",
  "attribute": "WIND",
  "is_pendulum": false,
  "is_xyz": false,
  "is_synchro": false,
  "is_fusion": false,
  "is_link": false,
  "is_extra_deck": false,
  "monster_types": [
    "Flip",
    "Effect"
  ],
  "stars": "3"
}