{
  "name": "7 Colored Fish",
  "number": "23771716",
  "is_illegal": false,
  "text": "A rare rainbow fish that has never been caught by mortal man.",
  "type": "Monster",
  "is_monster": true,
  "is_spell": false,
  "is_trap": false,
  "species": "Fish",
  "attack": "1800",
  "defense": "800",
  "attribute": "WATER",
  "is_pendulum": false,
  "is_xyz": false,
  "is_synchro": false,
  "is_fusion": false,
  "is_link": false,
  "is_extra_deck": false,
  "monster_types": [
    "Normal"
  ],
  "stars": "4"
}