{
  "name": "8-Claws Scorpion",
  "number": "14261867",
  "is_illegal": false,
  "text": "Once per turn, you can flip this card into face-down Defense Position. When this card attacks an opponent's face-down Defense Position monster, this card's ATK becomes 2400 during damage calculation only.",
  "type": "Monster",
  "is_monster": true,
  "is_spell": false,
  "is_trap": false,
  "species": "Insect",
  "attack": "300",
  "defense": "200",
  "attribute": "DARK",
  "is_pendulum": false,
  "is_xyz": false,
  "is_synchro": false,
  "is_fusion": false,
  "is_link": false,
  "is_extra_deck": false,
  "monster_types": [
    "Effect"
  ],
  "stars": "2"
}