{
  "name": "A-Team: Trap Disposal Unit",
  "number": "13026402",
  "is_illegal": false,
  "text": "This effect can be used during either player's turn. When your opponent activates a Trap Card, Tribute this face-up card to negate the activation of the Trap Card and destroy it.",
  "type": "Monster",
  "is_monster": true,
  "is_spell": false,
  "is_trap": false,
  "species": "Machine",
  "attack": "300",
  "defense": "400",
  "attribute": "FIRE",
  "is_pendulum": false,
  "is_xyz": false,
  "is_synchro": false,
  "is_fusion": false,
  "is_link": false,
  "is_extra_deck": false,
  "monster_types": [
    "Effect"
  ],
  "stars": "2"
}