{
  "name": "Absolute King Back Jack",
  "number": "60990740",
  "is_illegal": false,
  "text": "During your opponent's turn: You can banish this card from the Graveyard (this is a Quick Effect); excavate the top card of your Deck, and if it is a Normal Trap Card, Set it to your side of the field. Otherwise, send it to the Graveyard. That Set card can be activated during this turn. If this card is sent to the Graveyard: You can look at 3 cards from the top of your Deck, then place them on the top of the Deck in any order. You can only use each effect of \"Absolute King Back Jack\" once per turn.",
  "type": "Monster",
  "is_monster": true,
  "is_spell": false,
  "is_trap": false,
  "species": "Fiend",
  "attack": "0",
  "defense": "0",
  "attribute": "DARK",
  "is_pendulum": false,
  "is_xyz": false,
  "is_synchro": false,
  "is_fusion": false,
  "is_link": false,
  "is_extra_deck": false,
  "monster_types": [
    "Effect"
  ],
  "stars": "1"
}