{
  "name": "Abyss Script - Rise of the Abyss King",
  "number": "13662809",
  "is_illegal": false,
  "text": "Target face-up cards on the field, up to the number of Attack Position \"Abyss Actor\" monsters with different names you control; destroy them. If you control a Level 7 or higher \"Abyss Actor\" monster, your opponent cannot activate cards or effects in response to this card's activation. If this Set card in its owner's control is destroyed by an opponent's card effect, and you have a face-up \"Abyss Actor\" Pendulum Monster in your Extra Deck: You can add up to 2 \"Abyss Actor\" cards and/or \"Abyss Script\" Spell Cards with different names from your Deck to your hand.",
  "type": "Spell",
  "is_monster": false,
  "is_spell": true,
  "is_trap": false,
  "property": "Normal"
}