{
  "name": "Abyss Actor - Superstar",
  "number": "25629622",
  "is_illegal": false,
  "text": "When Normal or Special Summoned, your opponent's Spell/Trap Cards and effects cannot be activated. Once per turn: You can Set 1 \"Abyss Script\" Spell Card directly from your Deck, but it is sent to the Graveyard during the End Phase.",
  "type": "Monster",
  "is_monster": true,
  "is_spell": false,
  "is_trap": false,
  "species": "Fiend",
  "attack": "2500",
  "defense": "1800",
  "attribute": "DARK",
  "is_pendulum": true,
  "is_xyz": false,
  "is_synchro": false,
  "is_fusion": false,
  "is_link": false,
  "is_extra_deck": false,
  "monster_types": [
    "Pendulum",
    "Effect"
  ],
  "pendulum_left": "3",
  "pendulum_right": "3",
  "pendulum_text": "Once per turn: You can Tribute 1 \"Abyss Actor\" monster, then target 1 \"Abyss Script\" Spell Card in your Graveyard; add it to your hand.",
  "stars": "7"
}