{
  "name": "Abyss Script - Abysstainment",
  "number": "70564929",
  "is_illegal": false,
  "text": "You can Tribute 1 \"Abyss Actor\" monster, then target 1 \"Abyss Script\" Spell in your GY; Set it to your field. You can use this effect of \"Abyss Script - Abysstainment\" up to twice per turn. If this Set card in its owner's control is destroyed by an opponent's card effect, and you have a face-up \"Abyss Actor\" Pendulum Monster in your Extra Deck: You can Special Summon any number of \"Abyss Actor\" Pendulum Monsters from your Deck.",
  "type": "Spell",
  "is_monster": false,
  "is_spell": true,
  "is_trap": false,
  "property": "Continuous"
}