{
  "name": "Abyss Actor - Curtain Raiser",
  "number": "44179224",
  "is_illegal": false,
  "text": "Gains 1100 ATK if you control no other monsters. Once per turn: You can send 1 \"Abyss Script\" Spell from your Deck to the GY; add 1 face-up \"Abyss Actor\" Pendulum Monster from your Extra Deck to your hand.",
  "type": "Monster",
  "is_monster": true,
  "is_spell": false,
  "is_trap": false,
  "species": "Fiend",
  "attack": "1100",
  "defense": "1000",
  "attribute": "DARK",
  "is_pendulum": true,
  "is_xyz": false,
  "is_synchro": false,
  "is_fusion": false,
  "is_link": false,
  "is_extra_deck": false,
  "monster_types": [
    "Pendulum",
    "Effect"
  ],
  "pendulum_left": "7",
  "pendulum_right": "7",
  "pendulum_text": "If you control no monsters: You can Special Summon this card from your Pendulum Zone. You can only use this effect of \"Abyss Actor - Curtain Raiser\" once per Duel.",
  "stars": "4"
}