{
  "name": "Abyss Script - Fantasy Magic",
  "number": "87390798",
  "is_illegal": false,
  "text": "Target 1 \"Abyss Actor\" monster you control; this turn, every monster that battles it, but is not destroyed, returns to the hand at the end of the Damage Step. If this Set card in its owner's control is destroyed by an opponent's card effect, and you have a face-up \"Abyss Actor\" Pendulum Monster in your Extra Deck: You can target 1 card your opponent controls; place it on top of the Deck.",
  "type": "Spell",
  "is_monster": false,
  "is_spell": true,
  "is_trap": false,
  "property": "Normal"
}