{
  "name": "Abyss Actor - Extras",
  "number": "88412339",
  "is_illegal": false,
  "text": "You can Tribute this card; place 1 \"Abyss Actor\" Pendulum Monster from your Deck in your Pendulum Zone, also for the rest of this turn, you cannot Special Summon monsters, except \"Abyss Actor\" monsters, nor activate the Pendulum Effect of \"Abyss Actor - Extras\". You can only use this effect of \"Abyss Actor - Extras\" once per turn.",
  "type": "Monster",
  "is_monster": true,
  "is_spell": false,
  "is_trap": false,
  "species": "Fiend",
  "attack": "100",
  "defense": "100",
  "attribute": "DARK",
  "is_pendulum": true,
  "is_xyz": false,
  "is_synchro": false,
  "is_fusion": false,
  "is_link": false,
  "is_extra_deck": false,
  "monster_types": [
    "Pendulum",
    "Effect"
  ],
  "pendulum_left": "3",
  "pendulum_right": "3",
  "pendulum_text": "If your opponent controls a monster: You can Special Summon this card from your Pendulum Zone. You can only use this effect of \"Abyss Actor - Extras\" once per turn.",
  "stars": "1"
}