{
  "name": "Abyss Actor - Trendy Understudy",
  "number": "39024589",
  "is_illegal": false,
  "text": "If you have 2 \"Abyss Actor\" cards in your Pendulum Zones: You can Tribute this card; Special Summon 1 Level 1 or 8 \"Abyss Actor\" Pendulum Monster from your hand or face-up from your Extra Deck. You can only use this effect of \"Abyss Actor - Trendy Understudy\" once per turn.",
  "type": "Monster",
  "is_monster": true,
  "is_spell": false,
  "is_trap": false,
  "species": "Fiend",
  "attack": "700",
  "defense": "700",
  "attribute": "DARK",
  "is_pendulum": true,
  "is_xyz": false,
  "is_synchro": false,
  "is_fusion": false,
  "is_link": false,
  "is_extra_deck": false,
  "monster_types": [
    "Pendulum",
    "Effect"
  ],
  "pendulum_left": "8",
  "pendulum_right": "8",
  "pendulum_text": "When you Pendulum Summon a monster: You can add 1 face-up Level 1 or 8 \"Abyss Actor\" Pendulum Monster from your Extra Deck to your hand.",
  "stars": "2"
}