{
  "name": "Acrobatic Magician",
  "number": "33656832",
  "is_illegal": false,
  "text": "If the activation of a Spell/Trap Card is negated (except during the Damage Step): You can Special Summon this card from your hand. When this card is destroyed by battle: You can place this card in your Pendulum Zone.",
  "type": "Monster",
  "is_monster": true,
  "is_spell": false,
  "is_trap": false,
  "species": "Spellcaster",
  "attack": "800",
  "defense": "2300",
  "attribute": "DARK",
  "is_pendulum": true,
  "is_xyz": false,
  "is_synchro": false,
  "is_fusion": false,
  "is_link": false,
  "is_extra_deck": false,
  "monster_types": [
    "Pendulum",
    "Effect"
  ],
  "pendulum_left": "2",
  "pendulum_right": "2",
  "pendulum_text": "When a monster(s) you control is destroyed by a card effect (except during the Damage Step): You can Special Summon this card from your Pendulum Zone. You can only use this effect of \"Acrobatic Magician\" once per turn.",
  "stars": "5"
}