{
  "name": "Advance Zone",
  "number": "76224717",
  "is_illegal": false,
  "text": "Once per turn, during the End Phase of any turn in which you Tribute Summoned a monster(s): You can apply these effects, in sequence, based on the number of monsters you Tributed for Tribute Summons this turn.\nâ—? 1 or more: Destroy 1 Set card your opponent controls.\nâ—? 2 or more: Draw 1 card.\nâ—? 3 or more: Add 1 monster from your Graveyard to your hand.",
  "type": "Spell",
  "is_monster": false,
  "is_spell": true,
  "is_trap": false,
  "property": "Continuous"
}