{
  "name": "Aegaion the Sea Castrum",
  "number": "10678778",
  "is_illegal": false,
  "text": "2 Level 8 monsters\nDuring either player's turn: You can banish 1 random face-down monster from your opponent's Extra Deck, face-up, and if you do, this card's ATK becomes equal to the banished monster's. During either player's turn: You can detach 1 Xyz Material from this card, then target 1 of your opponent's banished Fusion, Synchro, or Xyz Monsters; return it to the Extra Deck, and if you do, destroy 1 monster your opponent controls with the same monster card type (Fusion, Synchro, or Xyz). You can only use each effect of \"Aegaion the Sea Castrum\" once per turn.",
  "type": "Monster",
  "is_monster": true,
  "is_spell": false,
  "is_trap": false,
  "species": "Machine",
  "attack": "0",
  "defense": "3000",
  "attribute": "WATER",
  "is_pendulum": false,
  "is_xyz": true,
  "is_synchro": false,
  "is_fusion": false,
  "is_link": false,
  "is_extra_deck": true,
  "monster_types": [
    "XYZ"
  ],
  "stars": "8"
}