{
  "name": "Aether, the Empowering Dragon",
  "number": "56804361",
  "is_illegal": false,
  "text": "When this card is Pendulum Summoned: You can target 1 card on the field; return it to the hand. You can only use this effect of \"Aether, the Empowering Dragon\" once per turn.",
  "type": "Monster",
  "is_monster": true,
  "is_spell": false,
  "is_trap": false,
  "species": "Dragon",
  "attack": "2300",
  "defense": "1600",
  "attribute": "LIGHT",
  "is_pendulum": false,
  "is_xyz": false,
  "is_synchro": false,
  "is_fusion": false,
  "is_link": false,
  "is_extra_deck": false,
  "monster_types": [
    "Effect"
  ],
  "stars": "6"
}