{
  "name": "Aether, the Evil Empowering Dragon",
  "number": "28865322",
  "is_illegal": false,
  "text": "When this card is Normal or Special Summoned: You can target 1 monster on the field; banish it.",
  "type": "Monster",
  "is_monster": true,
  "is_spell": false,
  "is_trap": false,
  "species": "Dragon",
  "attack": "2300",
  "defense": "1600",
  "attribute": "DARK",
  "is_pendulum": true,
  "is_xyz": false,
  "is_synchro": false,
  "is_fusion": false,
  "is_link": false,
  "is_extra_deck": false,
  "monster_types": [
    "Pendulum",
    "Effect"
  ],
  "pendulum_left": "4",
  "pendulum_right": "4",
  "pendulum_text": "Once per turn: You can banish 1 \"Empowered Warrior\" monster from your Graveyard, then target 1 card on the field; destroy it.",
  "stars": "6"
}