{
  "name": "Air Armor Ninja",
  "number": "69023354",
  "is_illegal": false,
  "text": "When this card is Summoned: You can target 1 \"Ninja\" monster you control; reduce its Level by 1.",
  "type": "Monster",
  "is_monster": true,
  "is_spell": false,
  "is_trap": false,
  "species": "Warrior",
  "attack": "1400",
  "defense": "1400",
  "attribute": "WIND",
  "is_pendulum": false,
  "is_xyz": false,
  "is_synchro": false,
  "is_fusion": false,
  "is_link": false,
  "is_extra_deck": false,
  "monster_types": [
    "Effect"
  ],
  "stars": "4"
}