{
  "name": "Airknight Parshath",
  "number": "18036057",
  "is_illegal": false,
  "text": "If this card attacks a Defense Position monster, inflict piercing battle damage to your opponent. When this card inflicts battle damage to your opponent: Draw 1 card.",
  "type": "Monster",
  "is_monster": true,
  "is_spell": false,
  "is_trap": false,
  "species": "Fairy",
  "attack": "1900",
  "defense": "1400",
  "attribute": "LIGHT",
  "is_pendulum": false,
  "is_xyz": false,
  "is_synchro": false,
  "is_fusion": false,
  "is_link": false,
  "is_extra_deck": false,
  "monster_types": [
    "Effect"
  ],
  "stars": "5"
}