{
  "name": "Aitsu",
  "number": "48202661",
  "is_illegal": false,
  "text": "He seems to be very unreliable, but he might have incredible potential.",
  "type": "Monster",
  "is_monster": true,
  "is_spell": false,
  "is_trap": false,
  "species": "Fairy",
  "attack": "100",
  "defense": "100",
  "attribute": "FIRE",
  "is_pendulum": false,
  "is_xyz": false,
  "is_synchro": false,
  "is_fusion": false,
  "is_link": false,
  "is_extra_deck": false,
  "monster_types": [
    "Normal"
  ],
  "stars": "5"
}