{
  "name": "Akz, the Pumer",
  "number": "38837163",
  "is_illegal": false,
  "text": "This card cannot be Normal Summoned or Set. This card can only be Special Summoned by removing from play 2 Beast-Warrior-Type monsters in your Graveyard. Once per turn, you can discard 1 Beast-Warrior-Type monster from your hand to activate 1 of the following effects: â—? Double this card's ATK until the End Phase. â—? This card can attack your opponent directly this turn.",
  "type": "Monster",
  "is_monster": true,
  "is_spell": false,
  "is_trap": false,
  "species": "Beast-Warrior",
  "attack": "1500",
  "defense": "1000",
  "attribute": "EARTH",
  "is_pendulum": false,
  "is_xyz": false,
  "is_synchro": false,
  "is_fusion": false,
  "is_link": false,
  "is_extra_deck": false,
  "monster_types": [
    "Effect"
  ],
  "stars": "6"
}