{
  "name": "Alien Psychic",
  "number": "58012107",
  "is_illegal": false,
  "text": "This card is changed to Defense Position when it is Normal Summoned or Flip Summoned. Monsters with A-Counters cannot declare an attack.",
  "type": "Monster",
  "is_monster": true,
  "is_spell": false,
  "is_trap": false,
  "species": "Reptile",
  "attack": "200",
  "defense": "100",
  "attribute": "DARK",
  "is_pendulum": false,
  "is_xyz": false,
  "is_synchro": false,
  "is_fusion": false,
  "is_link": false,
  "is_extra_deck": false,
  "monster_types": [
    "Effect"
  ],
  "stars": "1"
}