{
  "name": "Alien Hunter",
  "number": "62315111",
  "is_illegal": false,
  "text": "If this card destroys a monster with an A-Counter by battle, it can attack once again in a row.",
  "type": "Monster",
  "is_monster": true,
  "is_spell": false,
  "is_trap": false,
  "species": "Reptile",
  "attack": "1600",
  "defense": "800",
  "attribute": "WATER",
  "is_pendulum": false,
  "is_xyz": false,
  "is_synchro": false,
  "is_fusion": false,
  "is_link": false,
  "is_extra_deck": false,
  "monster_types": [
    "Effect"
  ],
  "stars": "4"
}