{
  "name": "Alien Shocktrooper",
  "number": "97127906",
  "is_illegal": false,
  "text": "The Aliens have used a mysterious biological substance to create a supreme race of soldiers. They do not have the natural powers of the other Aliens, but can make stunning physical attacks.",
  "type": "Monster",
  "is_monster": true,
  "is_spell": false,
  "is_trap": false,
  "species": "Reptile",
  "attack": "1900",
  "defense": "800",
  "attribute": "EARTH",
  "is_pendulum": false,
  "is_xyz": false,
  "is_synchro": false,
  "is_fusion": false,
  "is_link": false,
  "is_extra_deck": false,
  "monster_types": [
    "Normal"
  ],
  "stars": "4"
}