{
  "name": "Alien Ammonite",
  "number": "652362",
  "is_illegal": false,
  "text": "When this card is Normal Summoned, you can Special Summon 1 Level 4 or lower \"Alien\" monster from your Graveyard. Destroy it during the End Phase.",
  "type": "Monster",
  "is_monster": true,
  "is_spell": false,
  "is_trap": false,
  "species": "Reptile",
  "attack": "500",
  "defense": "200",
  "attribute": "LIGHT",
  "is_pendulum": false,
  "is_xyz": false,
  "is_synchro": false,
  "is_fusion": false,
  "is_link": false,
  "is_extra_deck": false,
  "monster_types": [
    "Tuner"
  ],
  "stars": "1"
}