{
  "name": "Alien Mars",
  "number": "99532708",
  "is_illegal": false,
  "text": "The effects of Effect Monsters with A-Counters are negated, except for \"Alien Mars\".",
  "type": "Monster",
  "is_monster": true,
  "is_spell": false,
  "is_trap": false,
  "species": "Reptile",
  "attack": "1000",
  "defense": "1000",
  "attribute": "FIRE",
  "is_pendulum": false,
  "is_xyz": false,
  "is_synchro": false,
  "is_fusion": false,
  "is_link": false,
  "is_extra_deck": false,
  "monster_types": [
    "Effect"
  ],
  "stars": "3"
}