{
  "name": "Ally of Justice Catastor",
  "number": "26593852",
  "is_illegal": false,
  "text": "1 Tuner + 1 or more non-Tuner monsters\nAt the start of the Damage Step, if this card battles a non-DARK monster: Destroy that monster.",
  "type": "Monster",
  "is_monster": true,
  "is_spell": false,
  "is_trap": false,
  "species": "Machine",
  "attack": "2200",
  "defense": "1200",
  "attribute": "DARK",
  "is_pendulum": false,
  "is_xyz": false,
  "is_synchro": true,
  "is_fusion": false,
  "is_link": false,
  "is_extra_deck": true,
  "monster_types": [
    "Synchro"
  ],
  "stars": "5"
}