{
  "name": "Ally of Justice Garadholg",
  "number": "25771826",
  "is_illegal": false,
  "text": "If this card battles a LIGHT monster, it gains 200 ATK during the Damage Step only.",
  "type": "Monster",
  "is_monster": true,
  "is_spell": false,
  "is_trap": false,
  "species": "Machine",
  "attack": "1600",
  "defense": "400",
  "attribute": "DARK",
  "is_pendulum": false,
  "is_xyz": false,
  "is_synchro": false,
  "is_fusion": false,
  "is_link": false,
  "is_extra_deck": false,
  "monster_types": [
    "Effect"
  ],
  "stars": "4"
}