{
  "name": "Ally of Justice Light Gazer",
  "number": "19204398",
  "is_illegal": false,
  "text": "1 Tuner + 1 or more non-Tuner monsters\nThis card gains 200 ATK for each LIGHT monster in your opponent's Graveyard.",
  "type": "Monster",
  "is_monster": true,
  "is_spell": false,
  "is_trap": false,
  "species": "Machine",
  "attack": "2400",
  "defense": "1600",
  "attribute": "DARK",
  "is_pendulum": false,
  "is_xyz": false,
  "is_synchro": true,
  "is_fusion": false,
  "is_link": false,
  "is_extra_deck": true,
  "monster_types": [
    "Synchro"
  ],
  "stars": "8"
}