{
  "name": "Ally of Justice Reverse Break",
  "number": "55982698",
  "is_illegal": false,
  "text": "If there is a face-up LIGHT monster on the field, destroy this card. If this card attacks a face-down Defense Position monster, destroy the monster immediately with this card's effect without flipping it face-up or applying damage calculation.",
  "type": "Monster",
  "is_monster": true,
  "is_spell": false,
  "is_trap": false,
  "species": "Machine",
  "attack": "1200",
  "defense": "1200",
  "attribute": "DARK",
  "is_pendulum": false,
  "is_xyz": false,
  "is_synchro": false,
  "is_fusion": false,
  "is_link": false,
  "is_extra_deck": false,
  "monster_types": [
    "Effect"
  ],
  "stars": "4"
}