{
  "name": "Ally Salvo",
  "number": "59482302",
  "is_illegal": false,
  "text": "When this card is destroyed by battle with a LIGHT monster and sent to the Graveyard, select 2 cards on the field and destroy them.",
  "type": "Monster",
  "is_monster": true,
  "is_spell": false,
  "is_trap": false,
  "species": "Machine",
  "attack": "400",
  "defense": "300",
  "attribute": "DARK",
  "is_pendulum": false,
  "is_xyz": false,
  "is_synchro": false,
  "is_fusion": false,
  "is_link": false,
  "is_extra_deck": false,
  "monster_types": [
    "Effect"
  ],
  "stars": "2"
}