{
  "name": "Alpacaribou, Mystical Beast of the Forest",
  "number": "77797992",
  "is_illegal": false,
  "text": "â—? While in Attack Position: Attack Position Winged Beast, Insect and Plant-Type monsters you control cannot be destroyed by battle.\nâ—? While in Defense Position: Defense Position Winged Beast, Insect and Plant-Type monsters you control cannot be targeted by, or be destroyed by, card effects.",
  "type": "Monster",
  "is_monster": true,
  "is_spell": false,
  "is_trap": false,
  "species": "Beast",
  "attack": "2700",
  "defense": "2100",
  "attribute": "EARTH",
  "is_pendulum": false,
  "is_xyz": false,
  "is_synchro": false,
  "is_fusion": false,
  "is_link": false,
  "is_extra_deck": false,
  "monster_types": [
    "Effect"
  ],
  "stars": "7"
}