{
  "name": "Alpha The Magnet Warrior",
  "number": "99785935",
  "is_illegal": false,
  "text": "Alpha, Beta, and Gamma meld as one to form a powerful monster.",
  "type": "Monster",
  "is_monster": true,
  "is_spell": false,
  "is_trap": false,
  "species": "Rock",
  "attack": "1400",
  "defense": "1700",
  "attribute": "EARTH",
  "is_pendulum": false,
  "is_xyz": false,
  "is_synchro": false,
  "is_fusion": false,
  "is_link": false,
  "is_extra_deck": false,
  "monster_types": [
    "Normal"
  ],
  "stars": "4"
}