{
  "name": "Altitude Knight",
  "number": "27632240",
  "is_illegal": false,
  "text": "Once per turn, if another monster on the field returns to the hand or Main Deck: Send 1 WIND monster from your Deck to the Graveyard.",
  "type": "Monster",
  "is_monster": true,
  "is_spell": false,
  "is_trap": false,
  "species": "Warrior",
  "attack": "1400",
  "defense": "1200",
  "attribute": "WIND",
  "is_pendulum": false,
  "is_xyz": false,
  "is_synchro": false,
  "is_fusion": false,
  "is_link": false,
  "is_extra_deck": false,
  "monster_types": [
    "Effect"
  ],
  "stars": "4"
}