{
  "name": "Amazoness Princess",
  "number": "84539520",
  "is_illegal": false,
  "text": "This card's name becomes \"Amazoness Queen\" while on the field or in the GY. If this card is Normal or Special Summoned: You can add 1 \"Amazoness\" Spell/Trap from your Deck to your hand. You can only use this effect of \"Amazoness Princess\" once per turn. When this card declares an attack: You can send 1 other card from your hand or field to the GY; Special Summon 1 \"Amazoness\" monster from your Deck in Defense Position, except \"Amazoness Princess\".",
  "type": "Monster",
  "is_monster": true,
  "is_spell": false,
  "is_trap": false,
  "species": "Warrior",
  "attack": "1200",
  "defense": "900",
  "attribute": "EARTH",
  "is_pendulum": false,
  "is_xyz": false,
  "is_synchro": false,
  "is_fusion": false,
  "is_link": false,
  "is_extra_deck": false,
  "monster_types": [
    "Effect"
  ],
  "stars": "3"
}