{
  "name": "Amazoness Paladin",
  "number": "47480070",
  "is_illegal": false,
  "text": "This card gains 100 ATK for each \"Amazoness\" monster you control.",
  "type": "Monster",
  "is_monster": true,
  "is_spell": false,
  "is_trap": false,
  "species": "Warrior",
  "attack": "1700",
  "defense": "300",
  "attribute": "EARTH",
  "is_pendulum": false,
  "is_xyz": false,
  "is_synchro": false,
  "is_fusion": false,
  "is_link": false,
  "is_extra_deck": false,
  "monster_types": [
    "Effect"
  ],
  "stars": "4"
}