{
  "name": "Amazoness Sage",
  "number": "53162898",
  "is_illegal": false,
  "text": "At the end of the Damage Step, if this card attacked and is still on the field: Target 1 Spell/Trap Card your opponent controls; destroy that target.",
  "type": "Monster",
  "is_monster": true,
  "is_spell": false,
  "is_trap": false,
  "species": "Warrior",
  "attack": "1400",
  "defense": "700",
  "attribute": "EARTH",
  "is_pendulum": false,
  "is_xyz": false,
  "is_synchro": false,
  "is_fusion": false,
  "is_link": false,
  "is_extra_deck": false,
  "monster_types": [
    "Effect"
  ],
  "stars": "4"
}