{
  "name": "Ambulanceroid",
  "number": "36378213",
  "is_illegal": false,
  "text": "When a \"roid\" monster is added from your Graveyard to your hand, you can Special Summon that monster.",
  "type": "Monster",
  "is_monster": true,
  "is_spell": false,
  "is_trap": false,
  "species": "Machine",
  "attack": "300",
  "defense": "1200",
  "attribute": "EARTH",
  "is_pendulum": false,
  "is_xyz": false,
  "is_synchro": false,
  "is_fusion": false,
  "is_link": false,
  "is_extra_deck": false,
  "monster_types": [
    "Effect"
  ],
  "stars": "3"
}