{
  "name": "Amores of Prophecy",
  "number": "40213117",
  "is_illegal": false,
  "text": "Once per turn: You can reveal 1 \"Spellbook\" Spell Card in your hand; Special Summon 1 Level 4 or lower Spellcaster-Type monster from your hand.",
  "type": "Monster",
  "is_monster": true,
  "is_spell": false,
  "is_trap": false,
  "species": "Spellcaster",
  "attack": "600",
  "defense": "2000",
  "attribute": "EARTH",
  "is_pendulum": false,
  "is_xyz": false,
  "is_synchro": false,
  "is_fusion": false,
  "is_link": false,
  "is_extra_deck": false,
  "monster_types": [
    "Effect"
  ],
  "stars": "3"
}