{
  "name": "Amorphage Pride",
  "number": "6283472",
  "is_illegal": false,
  "text": "If this card is Pendulum Summoned or flipped face-up, neither player can Special Summon monsters from the Extra Deck while this card is face-up on the field, except \"Amorphage\" monsters.",
  "type": "Monster",
  "is_monster": true,
  "is_spell": false,
  "is_trap": false,
  "species": "Dragon",
  "attack": "1750",
  "defense": "0",
  "attribute": "EARTH",
  "is_pendulum": true,
  "is_xyz": false,
  "is_synchro": false,
  "is_fusion": false,
  "is_link": false,
  "is_extra_deck": false,
  "monster_types": [
    "Pendulum",
    "Effect"
  ],
  "pendulum_left": "3",
  "pendulum_right": "3",
  "pendulum_text": "While you control an \"Amorphage\" monster, neither player takes any effect damage. Once per turn, during your Standby Phase, Tribute 1 monster or destroy this card.",
  "stars": "4"
}