{
  "name": "Amphibious Bugroth",
  "number": "40173854",
  "is_illegal": false,
  "text": "\"Ground Attacker Bugroth\" + \"Defender of the Sea\"",
  "type": "Monster",
  "is_monster": true,
  "is_spell": false,
  "is_trap": false,
  "species": "Aqua",
  "attack": "1850",
  "defense": "1300",
  "attribute": "WATER",
  "is_pendulum": false,
  "is_xyz": false,
  "is_synchro": false,
  "is_fusion": true,
  "is_link": false,
  "is_extra_deck": true,
  "monster_types": [
    "Fusion"
  ],
  "stars": "5"
}