{
  "name": "An Owl of Luck",
  "number": "23927567",
  "is_illegal": false,
  "text": "FLIP: Select 1 Field Spell Card from your Deck and place it on top of your Deck. If \"Necrovalley\" is on the field, you can add the selected Field Spell Card to your hand, instead.",
  "type": "Monster",
  "is_monster": true,
  "is_spell": false,
  "is_trap": false,
  "species": "Winged Beast",
  "attack": "300",
  "defense": "500",
  "attribute": "WIND",
  "is_pendulum": false,
  "is_xyz": false,
  "is_synchro": false,
  "is_fusion": false,
  "is_link": false,
  "is_extra_deck": false,
  "monster_types": [
    "Flip",
    "Effect"
  ],
  "stars": "2"
}