{
  "name": "Ancient Gear Reactor Dragon",
  "number": "44874522",
  "is_illegal": false,
  "text": "If this card that was Tribute Summoned by Tributing an \"Ancient Gear\" monster attacks a Defense Position monster, inflict piercing battle damage to your opponent. If this card was Tribute Summoned by Tributing a \"Gadget\" monster, it can make a second attack during each Battle Phase. If this card attacks, your opponent's Spell/Trap Cards and monster effects cannot be activated until the end of the Damage Step. At the end of the Damage Step, if this card attacked: You can destroy 1 Spell/Trap Card on the field.",
  "type": "Monster",
  "is_monster": true,
  "is_spell": false,
  "is_trap": false,
  "species": "Machine",
  "attack": "3000",
  "defense": "3000",
  "attribute": "EARTH",
  "is_pendulum": false,
  "is_xyz": false,
  "is_synchro": false,
  "is_fusion": false,
  "is_link": false,
  "is_extra_deck": false,
  "monster_types": [
    "Effect"
  ],
  "stars": "9"
}