{
  "name": "Ancient Gear Hunting Hound",
  "number": "42878636",
  "is_illegal": false,
  "text": "If this card is Normal Summoned: Inflict 600 damage to your opponent. If this card attacks, your opponent cannot activate Spell/Trap Cards until the end of the Damage Step. Once per turn: You can Fusion Summon 1 \"Ancient Gear\" Fusion Monster from your Extra Deck, using monsters from your hand or field as Fusion Materials.",
  "type": "Monster",
  "is_monster": true,
  "is_spell": false,
  "is_trap": false,
  "species": "Machine",
  "attack": "1000",
  "defense": "1000",
  "attribute": "EARTH",
  "is_pendulum": false,
  "is_xyz": false,
  "is_synchro": false,
  "is_fusion": false,
  "is_link": false,
  "is_extra_deck": false,
  "monster_types": [
    "Effect"
  ],
  "stars": "3"
}