{
  "name": "Ancient Gear Golem",
  "number": "83104731",
  "is_illegal": false,
  "text": "Cannot be Special Summoned. If this card attacks a Defense Position monster, inflict piercing battle damage to your opponent. If this card attacks, your opponent cannot activate any Spell/Trap Cards until the end of the Damage Step.",
  "type": "Monster",
  "is_monster": true,
  "is_spell": false,
  "is_trap": false,
  "species": "Machine",
  "attack": "3000",
  "defense": "3000",
  "attribute": "EARTH",
  "is_pendulum": false,
  "is_xyz": false,
  "is_synchro": false,
  "is_fusion": false,
  "is_link": false,
  "is_extra_deck": false,
  "monster_types": [
    "Effect"
  ],
  "stars": "8"
}