{
  "name": "Ancient Gear Soldier",
  "number": "56094445",
  "is_illegal": false,
  "text": "If this card attacks, your opponent cannot activate any Spell/Trap Cards until the end of the Damage Step.",
  "type": "Monster",
  "is_monster": true,
  "is_spell": false,
  "is_trap": false,
  "species": "Machine",
  "attack": "1300",
  "defense": "1300",
  "attribute": "EARTH",
  "is_pendulum": false,
  "is_xyz": false,
  "is_synchro": false,
  "is_fusion": false,
  "is_link": false,
  "is_extra_deck": false,
  "monster_types": [
    "Effect"
  ],
  "stars": "4"
}