{
  "name": "Ancient Tool",
  "number": "49587396",
  "is_illegal": false,
  "text": "A destructive machine discovered in the Ruins of the Ancients.",
  "type": "Monster",
  "is_monster": true,
  "is_spell": false,
  "is_trap": false,
  "species": "Machine",
  "attack": "1700",
  "defense": "1400",
  "attribute": "DARK",
  "is_pendulum": false,
  "is_xyz": false,
  "is_synchro": false,
  "is_fusion": false,
  "is_link": false,
  "is_extra_deck": false,
  "monster_types": [
    "Normal"
  ],
  "stars": "5"
}