{
  "name": "Ancient Gear Gadjiltron Chimera",
  "number": "86321248",
  "is_illegal": false,
  "text": "This card gains the appropriate effects if you Normal Summon it by Tributing these monsters.\nâ—? Green Gadget: This card gains 300 ATK.\nâ—? Red Gadget: If this card inflicts battle damage to your opponent by a direct attack: Inflict 500 damage to your opponent.\nâ—? Yellow Gadget: If this card destroys an opponent's monster by battle: Inflict 700 damage to your opponent.",
  "type": "Monster",
  "is_monster": true,
  "is_spell": false,
  "is_trap": false,
  "species": "Machine",
  "attack": "2300",
  "defense": "1300",
  "attribute": "EARTH",
  "is_pendulum": false,
  "is_xyz": false,
  "is_synchro": false,
  "is_fusion": false,
  "is_link": false,
  "is_extra_deck": false,
  "monster_types": [
    "Effect"
  ],
  "stars": "6"
}