{
  "name": "Ancient Gear Box",
  "number": "60953949",
  "is_illegal": false,
  "text": "If this card is added from the Deck or Graveyard to your hand, except by drawing it: You can add 1 EARTH Machine-Type monster with 500 ATK and/or DEF from your Deck to your hand, except \"Ancient Gear Box\". You can only use this effect of \"Ancient Gear Box\" once per turn.",
  "type": "Monster",
  "is_monster": true,
  "is_spell": false,
  "is_trap": false,
  "species": "Machine",
  "attack": "500",
  "defense": "2000",
  "attribute": "EARTH",
  "is_pendulum": false,
  "is_xyz": false,
  "is_synchro": false,
  "is_fusion": false,
  "is_link": false,
  "is_extra_deck": false,
  "monster_types": [
    "Effect"
  ],
  "stars": "4"
}