{
  "name": "Ancient Lizard Warrior",
  "number": "43230671",
  "is_illegal": false,
  "text": "Before the dawn of man, this lizard warrior ruled supreme.",
  "type": "Monster",
  "is_monster": true,
  "is_spell": false,
  "is_trap": false,
  "species": "Reptile",
  "attack": "1400",
  "defense": "1100",
  "attribute": "EARTH",
  "is_pendulum": false,
  "is_xyz": false,
  "is_synchro": false,
  "is_fusion": false,
  "is_link": false,
  "is_extra_deck": false,
  "monster_types": [
    "Normal"
  ],
  "stars": "4"
}