{
  "name": "Ancient Gear Hydra",
  "number": "81269231",
  "is_illegal": false,
  "text": "At the end of the Damage Step, when this card that was Tribute Summoned by Tributing an \"Ancient Gear\" monster battles an opponent's monster, but the opponent's monster was not destroyed by the battle: You can banish that opponent's monster. If this card was Tribute Summoned by Tributing a \"Gadget\" monster, it can attack all monsters your opponent controls, once each. If an \"Ancient Gear\" monster you control attacks, your opponent's Spell/Trap Cards and monster effects cannot be activated until the end of the Damage Step.",
  "type": "Monster",
  "is_monster": true,
  "is_spell": false,
  "is_trap": false,
  "species": "Machine",
  "attack": "2700",
  "defense": "1700",
  "attribute": "EARTH",
  "is_pendulum": false,
  "is_xyz": false,
  "is_synchro": false,
  "is_fusion": false,
  "is_link": false,
  "is_extra_deck": false,
  "monster_types": [
    "Effect"
  ],
  "stars": "7"
}