{
  "name": "Ancient Flamvell Deity",
  "number": "26304459",
  "is_illegal": false,
  "text": "1 FIRE Tuner + 1 or more non-Tuner Pyro-Type monsters\nWhen this card is Synchro Summoned, remove from play cards from your opponent's Graveyard, up to the number of cards in their hand. This card gains 200 ATK for each card removed from play by this effect.",
  "type": "Monster",
  "is_monster": true,
  "is_spell": false,
  "is_trap": false,
  "species": "Pyro",
  "attack": "2500",
  "defense": "200",
  "attribute": "FIRE",
  "is_pendulum": false,
  "is_xyz": false,
  "is_synchro": true,
  "is_fusion": false,
  "is_link": false,
  "is_extra_deck": true,
  "monster_types": [
    "Synchro"
  ],
  "stars": "7"
}