{
  "name": "Ancient One of the Deep Forest",
  "number": "14015067",
  "is_illegal": false,
  "text": "This creature adopts the form of a white goat living in the forest, but is actually a Forest Elder.",
  "type": "Monster",
  "is_monster": true,
  "is_spell": false,
  "is_trap": false,
  "species": "Beast",
  "attack": "1800",
  "defense": "1900",
  "attribute": "EARTH",
  "is_pendulum": false,
  "is_xyz": false,
  "is_synchro": false,
  "is_fusion": false,
  "is_link": false,
  "is_extra_deck": false,
  "monster_types": [
    "Normal"
  ],
  "stars": "6"
}