{
  "name": "Anteatereatingant",
  "number": "13250922",
  "is_illegal": false,
  "text": "This card cannot be Normal Summoned or Set. This card cannot be Special Summoned except by sending 2 Spell or Trap Cards you control to the Graveyard. You can destroy 1 Spell or Trap Card your opponent controls. If you activate this effect, this card cannot attack during this turn.",
  "type": "Monster",
  "is_monster": true,
  "is_spell": false,
  "is_trap": false,
  "species": "Insect",
  "attack": "2000",
  "defense": "500",
  "attribute": "EARTH",
  "is_pendulum": false,
  "is_xyz": false,
  "is_synchro": false,
  "is_fusion": false,
  "is_link": false,
  "is_extra_deck": false,
  "monster_types": [
    "Effect"
  ],
  "stars": "5"
}