{
  "name": "Apocatequil",
  "number": "41158734",
  "is_illegal": false,
  "text": "While this card is face-up on the field, it is Level 5 if you control a face-up Tuner monster. When this card on the field is destroyed and sent to the Graveyard, you can select and Special Summon 1 \"Oracle of the Sun\" from your Graveyard.",
  "type": "Monster",
  "is_monster": true,
  "is_spell": false,
  "is_trap": false,
  "species": "Thunder",
  "attack": "1800",
  "defense": "1200",
  "attribute": "LIGHT",
  "is_pendulum": false,
  "is_xyz": false,
  "is_synchro": false,
  "is_fusion": false,
  "is_link": false,
  "is_extra_deck": false,
  "monster_types": [
    "Effect"
  ],
  "stars": "4"
}