{
  "name": "Apoqliphort Skybase",
  "number": "40061558",
  "is_illegal": false,
  "text": "Cannot be Special Summoned. Requires 3 \"Qli\" Tributes to Normal Summon/Set. If this card is Normal Summoned/Set, it is unaffected by Spell/Trap effects and by activated effects from any monster whose original Level/Rank is lower than this card's current Level. Once per turn: You can target 1 monster your opponent controls; take control of it until the End Phase.",
  "type": "Monster",
  "is_monster": true,
  "is_spell": false,
  "is_trap": false,
  "species": "Machine",
  "attack": "2900",
  "defense": "2500",
  "attribute": "EARTH",
  "is_pendulum": false,
  "is_xyz": false,
  "is_synchro": false,
  "is_fusion": false,
  "is_link": false,
  "is_extra_deck": false,
  "monster_types": [
    "Effect"
  ],
  "stars": "9"
}