{
  "name": "Apoqliphort Towers",
  "number": "27279764",
  "is_illegal": false,
  "text": "Cannot be Special Summoned. Requires 3 \"Qli\" Tributes to Normal Summon/Set. If this card is Normal Summoned/Set, it is unaffected by Spell/Trap effects and by activated effects from any monster whose original Level/Rank is lower than this card's current Level. All Special Summoned monsters lose 500 ATK and DEF. Once per turn: You can make your opponent send 1 monster from their hand or their side of the field to the Graveyard (their choice).",
  "type": "Monster",
  "is_monster": true,
  "is_spell": false,
  "is_trap": false,
  "species": "Machine",
  "attack": "3000",
  "defense": "2600",
  "attribute": "EARTH",
  "is_pendulum": false,
  "is_xyz": false,
  "is_synchro": false,
  "is_fusion": false,
  "is_link": false,
  "is_extra_deck": false,
  "monster_types": [
    "Effect"
  ],
  "stars": "10"
}