{
  "name": "Apprentice Magician",
  "number": "9156135",
  "is_illegal": false,
  "text": "If this card is Summoned: Target 1 face-up card on the field that you can place a Spell Counter on; place 1 Spell Counter on that target. If this card is destroyed by battle: You can Special Summon 1 Level 2 or lower Spellcaster-Type monster from your Deck in face-down Defense Position.",
  "type": "Monster",
  "is_monster": true,
  "is_spell": false,
  "is_trap": false,
  "species": "Spellcaster",
  "attack": "400",
  "defense": "800",
  "attribute": "DARK",
  "is_pendulum": false,
  "is_xyz": false,
  "is_synchro": false,
  "is_fusion": false,
  "is_link": false,
  "is_extra_deck": false,
  "monster_types": [
    "Effect"
  ],
  "stars": "2"
}