{
  "name": "Apprentice Illusion Magician",
  "number": "30603688",
  "is_illegal": false,
  "text": "You can Special Summon this card (from your hand) by discarding 1 card. If this card is Normal or Special Summoned: You can add 1 \"Dark Magician\" from your Deck to your hand. During damage calculation (in either player's turn), if your other DARK Spellcaster-Type monster battles an opponent's monster: You can send this card from your hand or face-up from your field to the Graveyard; that monster you control gains 2000 ATK and DEF during that damage calculation only.",
  "type": "Monster",
  "is_monster": true,
  "is_spell": false,
  "is_trap": false,
  "species": "Spellcaster",
  "attack": "2000",
  "defense": "1700",
  "attribute": "DARK",
  "is_pendulum": false,
  "is_xyz": false,
  "is_synchro": false,
  "is_fusion": false,
  "is_link": false,
  "is_extra_deck": false,
  "monster_types": [
    "Effect"
  ],
  "stars": "6"
}