{
  "name": "Aqua Armor Ninja",
  "number": "96427353",
  "is_illegal": false,
  "text": "When your opponent's monster declares a direct attack, if you have another \"Ninja\" monster in your Graveyard: You can banish this card from your Graveyard to target the attacking monster; negate that attack.",
  "type": "Monster",
  "is_monster": true,
  "is_spell": false,
  "is_trap": false,
  "species": "Warrior",
  "attack": "800",
  "defense": "1600",
  "attribute": "WATER",
  "is_pendulum": false,
  "is_xyz": false,
  "is_synchro": false,
  "is_fusion": false,
  "is_link": false,
  "is_extra_deck": false,
  "monster_types": [
    "Effect"
  ],
  "stars": "4"
}