{
  "name": "Aqua Madoor",
  "number": "85639257",
  "is_illegal": false,
  "text": "A wizard of the waters that conjures a liquid wall to crush any enemies that oppose him.",
  "type": "Monster",
  "is_monster": true,
  "is_spell": false,
  "is_trap": false,
  "species": "Spellcaster",
  "attack": "1200",
  "defense": "2000",
  "attribute": "WATER",
  "is_pendulum": false,
  "is_xyz": false,
  "is_synchro": false,
  "is_fusion": false,
  "is_link": false,
  "is_extra_deck": false,
  "monster_types": [
    "Normal"
  ],
  "stars": "4"
}