{
  "name": "Aqua Spirit",
  "number": "40916023",
  "is_illegal": false,
  "text": "This card cannot be Normal Summoned or Set. This card can only be Special Summoned by removing from play 1 WATER monster in your Graveyard. During each of your opponent's Standby Phases, you can change the battle position of 1 of your opponent's face-up Monster Cards. Once changed, the monster must remain in this position for the rest of the turn.",
  "type": "Monster",
  "is_monster": true,
  "is_spell": false,
  "is_trap": false,
  "species": "Aqua",
  "attack": "1600",
  "defense": "1200",
  "attribute": "WATER",
  "is_pendulum": false,
  "is_xyz": false,
  "is_synchro": false,
  "is_fusion": false,
  "is_link": false,
  "is_extra_deck": false,
  "monster_types": [
    "Effect"
  ],
  "stars": "4"
}