{
  "name": "Arcana Force IV - The Emperor",
  "number": "61175706",
  "is_illegal": false,
  "text": "When this card is Summoned, toss a coin:\nâ—? Heads: All \"Arcana Force\" monsters you control gain 500 ATK.\nâ—? Tails: All \"Arcana Force\" monsters you control lose 500 ATK.",
  "type": "Monster",
  "is_monster": true,
  "is_spell": false,
  "is_trap": false,
  "species": "Fairy",
  "attack": "1400",
  "defense": "1400",
  "attribute": "LIGHT",
  "is_pendulum": false,
  "is_xyz": false,
  "is_synchro": false,
  "is_fusion": false,
  "is_link": false,
  "is_extra_deck": false,
  "monster_types": [
    "Effect"
  ],
  "stars": "4"
}