{
  "name": "Arcanite Magician",
  "number": "31924889",
  "is_illegal": false,
  "text": "1 Tuner + 1 or more non-Tuner Spellcaster-Type monsters\nIf this card is Synchro Summoned: Place 2 Spell Counters on it. This card gains 1000 ATK for each Spell Counter on it. You can remove 1 Spell Counter from your field, then target 1 card your opponent controls; destroy that target.",
  "type": "Monster",
  "is_monster": true,
  "is_spell": false,
  "is_trap": false,
  "species": "Spellcaster",
  "attack": "400",
  "defense": "1800",
  "attribute": "LIGHT",
  "is_pendulum": false,
  "is_xyz": false,
  "is_synchro": true,
  "is_fusion": false,
  "is_link": false,
  "is_extra_deck": true,
  "monster_types": [
    "Synchro"
  ],
  "stars": "7"
}