{
  "name": "Arcana Force VI - The Lovers",
  "number": "97574404",
  "is_illegal": false,
  "text": "When this card is Summoned, toss a coin:\nâ—? Heads: This card can be treated as 2 Tributes for the Tribute Summon of an \"Arcana Force\" monster.\nâ—? Tails: You cannot Tribute Summon \"Arcana Force\" monsters.",
  "type": "Monster",
  "is_monster": true,
  "is_spell": false,
  "is_trap": false,
  "species": "Fairy",
  "attack": "1600",
  "defense": "1600",
  "attribute": "LIGHT",
  "is_pendulum": false,
  "is_xyz": false,
  "is_synchro": false,
  "is_fusion": false,
  "is_link": false,
  "is_extra_deck": false,
  "monster_types": [
    "Effect"
  ],
  "stars": "4"
}