{
  "name": "Arcana Force III - The Empress",
  "number": "35781051",
  "is_illegal": false,
  "text": "When this card is Summoned, toss a coin:\nâ—? Heads: Each time your opponent Normal Summons or Sets a monster, you can Special Summon 1 \"Arcana Force\" monster from your hand.\nâ—? Tails: Each time your opponent Normal Summons or Sets a monster, send 1 card from your hand to the Graveyard.",
  "type": "Monster",
  "is_monster": true,
  "is_spell": false,
  "is_trap": false,
  "species": "Fairy",
  "attack": "1300",
  "defense": "1300",
  "attribute": "LIGHT",
  "is_pendulum": false,
  "is_xyz": false,
  "is_synchro": false,
  "is_fusion": false,
  "is_link": false,
  "is_extra_deck": false,
  "monster_types": [
    "Effect"
  ],
  "stars": "4"
}