{
  "name": "Archlord Zerato",
  "number": "18378582",
  "is_illegal": false,
  "text": "This card cannot be Normal Summoned or Set. This card cannot be Special Summoned except by Tributing 1 face-up \"Warrior of Zera\" on your side of the field while \"The Sanctuary in the Sky\" is on the field. If \"The Sanctuary in the Sky\" is on your side of the field, by discarding 1 LIGHT Monster Card from your hand to the Graveyard, destroy all monsters on your opponent's side of the field. If \"The Sanctuary in the Sky\" is not on your side of the field, this effect is not applied.",
  "type": "Monster",
  "is_monster": true,
  "is_spell": false,
  "is_trap": false,
  "species": "Fairy",
  "attack": "2800",
  "defense": "2300",
  "attribute": "LIGHT",
  "is_pendulum": false,
  "is_xyz": false,
  "is_synchro": false,
  "is_fusion": false,
  "is_link": false,
  "is_extra_deck": false,
  "monster_types": [
    "Effect"
  ],
  "stars": "8"
}