{
  "name": "Archfiend Cavalry",
  "number": "92039899",
  "is_illegal": false,
  "text": "If this card on the field is destroyed by a card effect and sent to the Graveyard: You can target 1 \"Archfiend\" monster in your Graveyard, except \"Archfiend Cavalry\"; Special Summon that target. It cannot attack this turn.",
  "type": "Monster",
  "is_monster": true,
  "is_spell": false,
  "is_trap": false,
  "species": "Fiend",
  "attack": "1900",
  "defense": "0",
  "attribute": "DARK",
  "is_pendulum": false,
  "is_xyz": false,
  "is_synchro": false,
  "is_fusion": false,
  "is_link": false,
  "is_extra_deck": false,
  "monster_types": [
    "Effect"
  ],
  "stars": "4"
}