{
  "name": "Archfiend Giant",
  "number": "84341431",
  "is_illegal": false,
  "text": "If this face-up card on the field would be destroyed by a card effect, you can pay 500 Life Points instead. This effect can only be used once while this card is face-up on the field. If this card is destroyed by a card effect and sent to the Graveyard: You can Special Summon 1 \"Archfiend\" monster from your hand.",
  "type": "Monster",
  "is_monster": true,
  "is_spell": false,
  "is_trap": false,
  "species": "Fiend",
  "attack": "2400",
  "defense": "1600",
  "attribute": "DARK",
  "is_pendulum": false,
  "is_xyz": false,
  "is_synchro": false,
  "is_fusion": false,
  "is_link": false,
  "is_extra_deck": false,
  "monster_types": [
    "Effect"
  ],
  "stars": "6"
}