{
  "name": "Archfiend Emperor, the First Lord of Horror",
  "number": "28423537",
  "is_illegal": false,
  "text": "You can Normal Summon this card without Tributing, but its original ATK and DEF become halved. If Summoned this way, it is destroyed during the End Phase. You cannot Special Summon any monsters, except Fiend-Type monsters. Once per turn: You can banish 1 \"Archfiend\" card from your hand or Graveyard, then target 1 card on the field; destroy that target.",
  "type": "Monster",
  "is_monster": true,
  "is_spell": false,
  "is_trap": false,
  "species": "Fiend",
  "attack": "3000",
  "defense": "2000",
  "attribute": "DARK",
  "is_pendulum": false,
  "is_xyz": false,
  "is_synchro": false,
  "is_fusion": false,
  "is_link": false,
  "is_extra_deck": false,
  "monster_types": [
    "Effect"
  ],
  "stars": "8"
}