{
  "name": "Ariel, Priestess of the Nekroz",
  "number": "56827051",
  "is_illegal": false,
  "text": "Once per turn: You can reveal any number of \"Nekroz\" cards in your hand; increase or reduce this card's Level by the number of revealed cards until the end of this turn. If this card is Tributed by a card effect: You can add 1 \"Nekroz\" monster from your Deck to your hand, except a Ritual Monster. You can only use this effect of \"Ariel, Priestess of the Nekroz\" once per turn.",
  "type": "Monster",
  "is_monster": true,
  "is_spell": false,
  "is_trap": false,
  "species": "Psychic",
  "attack": "1000",
  "defense": "1800",
  "attribute": "WATER",
  "is_pendulum": false,
  "is_xyz": false,
  "is_synchro": false,
  "is_fusion": false,
  "is_link": false,
  "is_extra_deck": false,
  "monster_types": [
    "Effect"
  ],
  "stars": "4"
}