{
  "name": "Armageddon Knight",
  "number": "28985331",
  "is_illegal": false,
  "text": "When this card is Summoned: You can send 1 DARK monster from your Deck to the Graveyard.",
  "type": "Monster",
  "is_monster": true,
  "is_spell": false,
  "is_trap": false,
  "species": "Warrior",
  "attack": "1400",
  "defense": "1200",
  "attribute": "DARK",
  "is_pendulum": false,
  "is_xyz": false,
  "is_synchro": false,
  "is_fusion": false,
  "is_link": false,
  "is_extra_deck": false,
  "monster_types": [
    "Effect"
  ],
  "stars": "4"
}