{
  "name": "Armaill",
  "number": "53153481",
  "is_illegal": false,
  "text": "A strange warrior who manipulates three deadly blades with both hands and his tail.",
  "type": "Monster",
  "is_monster": true,
  "is_spell": false,
  "is_trap": false,
  "species": "Warrior",
  "attack": "700",
  "defense": "1300",
  "attribute": "EARTH",
  "is_pendulum": false,
  "is_xyz": false,
  "is_synchro": false,
  "is_fusion": false,
  "is_link": false,
  "is_extra_deck": false,
  "monster_types": [
    "Normal"
  ],
  "stars": "3"
}