{
  "name": "Armed Dragon Catapult Cannon",
  "number": "75906310",
  "is_illegal": false,
  "text": "\"VWXYZ-Dragon Catapult Cannon\" + \"Armed Dragon LV7\"\nMust first be Special Summoned (from your Extra Deck) during a Duel you Special Summoned both the above cards, by banishing the above cards from your field and/or GY. (You do not use \"Polymerization\".) Your opponent cannot activate cards or effects with the same name as any banished card. Once per turn, during your opponent's turn (Quick Effect): You can banish 1 card from your Deck or Extra Deck, face-up; banish all cards your opponent controls and in their GY.",
  "type": "Monster",
  "is_monster": true,
  "is_spell": false,
  "is_trap": false,
  "species": "Machine",
  "attack": "3500",
  "defense": "3000",
  "attribute": "LIGHT",
  "is_pendulum": false,
  "is_xyz": false,
  "is_synchro": false,
  "is_fusion": true,
  "is_link": false,
  "is_extra_deck": true,
  "monster_types": [
    "Fusion"
  ],
  "stars": "10"
}