{
  "name": "Armed Protector Dragon",
  "number": "29330706",
  "is_illegal": false,
  "text": "Face-up Equip Cards you control cannot be destroyed by card effects. This card gains 500 ATK for each Equip Card equipped to this card.",
  "type": "Monster",
  "is_monster": true,
  "is_spell": false,
  "is_trap": false,
  "species": "Dragon",
  "attack": "2000",
  "defense": "2800",
  "attribute": "LIGHT",
  "is_pendulum": false,
  "is_xyz": false,
  "is_synchro": false,
  "is_fusion": false,
  "is_link": false,
  "is_extra_deck": false,
  "monster_types": [
    "Effect"
  ],
  "stars": "8"
}