{
  "name": "Armed Dragon LV3",
  "number": "980973",
  "is_illegal": false,
  "text": "During your Standby Phase: You can send this face-up card to the Graveyard; Special Summon 1 \"Armed Dragon LV5\" from your hand or Deck.",
  "type": "Monster",
  "is_monster": true,
  "is_spell": false,
  "is_trap": false,
  "species": "Dragon",
  "attack": "1200",
  "defense": "900",
  "attribute": "WIND",
  "is_pendulum": false,
  "is_xyz": false,
  "is_synchro": false,
  "is_fusion": false,
  "is_link": false,
  "is_extra_deck": false,
  "monster_types": [
    "Effect"
  ],
  "stars": "3"
}