{
  "name": "Armed Sea Hunter",
  "number": "20470500",
  "is_illegal": false,
  "text": "After damage calculation, if this card battles an Effect Monster: Negate the effects of that monster (including in the Graveyard). You must control another face-up WATER monster to activate and to resolve this effect. If this card would be destroyed, you can destroy 1 face-up Level 3 or lower WATER monster you control instead.",
  "type": "Monster",
  "is_monster": true,
  "is_spell": false,
  "is_trap": false,
  "species": "Sea Serpent",
  "attack": "1800",
  "defense": "400",
  "attribute": "WATER",
  "is_pendulum": false,
  "is_xyz": false,
  "is_synchro": false,
  "is_fusion": false,
  "is_link": false,
  "is_extra_deck": false,
  "monster_types": [
    "Effect"
  ],
  "stars": "4"
}