{
  "name": "Armed Samurai - Ben Kei",
  "number": "84430950",
  "is_illegal": false,
  "text": "For each Equip Card equipped to this card, it gains 1 additional attack during each Battle Phase.",
  "type": "Monster",
  "is_monster": true,
  "is_spell": false,
  "is_trap": false,
  "species": "Warrior",
  "attack": "500",
  "defense": "800",
  "attribute": "DARK",
  "is_pendulum": false,
  "is_xyz": false,
  "is_synchro": false,
  "is_fusion": false,
  "is_link": false,
  "is_extra_deck": false,
  "monster_types": [
    "Effect"
  ],
  "stars": "4"
}