{
  "name": "Armored Zombie",
  "number": "20277860",
  "is_illegal": false,
  "text": "This warrior blindly swings a deadly blade with devastating force.",
  "type": "Monster",
  "is_monster": true,
  "is_spell": false,
  "is_trap": false,
  "species": "Zombie",
  "attack": "1500",
  "defense": "0",
  "attribute": "DARK",
  "is_pendulum": false,
  "is_xyz": false,
  "is_synchro": false,
  "is_fusion": false,
  "is_link": false,
  "is_extra_deck": false,
  "monster_types": [
    "Normal"
  ],
  "stars": "3"
}