{
  "name": "Armory Arm",
  "number": "29071332",
  "is_illegal": false,
  "text": "1 Tuner + 1 or more non-Tuner monsters\nOnce per turn, you can either: Target 1 monster on the field; equip this card to that target, OR: Unequip this card and Special Summon it in Attack Position. While equipped by this effect, that target gains 1000 ATK. If that target destroys a monster by battle and sends it to the Graveyard: Inflict damage to your opponent equal to the ATK of the destroyed monster in the Graveyard.",
  "type": "Monster",
  "is_monster": true,
  "is_spell": false,
  "is_trap": false,
  "species": "Machine",
  "attack": "1800",
  "defense": "1200",
  "attribute": "LIGHT",
  "is_pendulum": false,
  "is_xyz": false,
  "is_synchro": true,
  "is_fusion": false,
  "is_link": false,
  "is_extra_deck": true,
  "monster_types": [
    "Synchro"
  ],
  "stars": "4"
}