{
  "name": "Armor Exe",
  "number": "7180418",
  "is_illegal": false,
  "text": "This card cannot attack in the same turn it is Normal Summoned, Flip Summoned, or Special Summoned. During each of your and your opponent's Standby Phases, remove 1 Spell Counter on your side of the field. If you do not, destroy this card.",
  "type": "Monster",
  "is_monster": true,
  "is_spell": false,
  "is_trap": false,
  "species": "Rock",
  "attack": "2400",
  "defense": "1400",
  "attribute": "LIGHT",
  "is_pendulum": false,
  "is_xyz": false,
  "is_synchro": false,
  "is_fusion": false,
  "is_link": false,
  "is_extra_deck": false,
  "monster_types": [
    "Effect"
  ],
  "stars": "4"
}