{
  "name": "Armoroid",
  "number": "73333463",
  "is_illegal": false,
  "text": "If this card is Tribute Summoned by Tributing at least 1 \"roid\" monster: Banish all Spells and Traps on the field.",
  "type": "Monster",
  "is_monster": true,
  "is_spell": false,
  "is_trap": false,
  "species": "Machine",
  "attack": "2700",
  "defense": "2000",
  "attribute": "EARTH",
  "is_pendulum": false,
  "is_xyz": false,
  "is_synchro": false,
  "is_fusion": false,
  "is_link": false,
  "is_extra_deck": false,
  "monster_types": [
    "Effect"
  ],
  "stars": "8"
}