{
  "name": "Armored Bee",
  "number": "86915847",
  "is_illegal": false,
  "text": "Once per turn: You can target 1 face-up monster your opponent controls; halve that target's ATK until the End Phase.",
  "type": "Monster",
  "is_monster": true,
  "is_spell": false,
  "is_trap": false,
  "species": "Insect",
  "attack": "1600",
  "defense": "1200",
  "attribute": "WIND",
  "is_pendulum": false,
  "is_xyz": false,
  "is_synchro": false,
  "is_fusion": false,
  "is_link": false,
  "is_extra_deck": false,
  "monster_types": [
    "Effect"
  ],
  "stars": "4"
}