{
  "name": "Armored Starfish",
  "number": "17535588",
  "is_illegal": false,
  "text": "A bluish starfish with a solid hide capable of fending off attacks.",
  "type": "Monster",
  "is_monster": true,
  "is_spell": false,
  "is_trap": false,
  "species": "Aqua",
  "attack": "850",
  "defense": "1400",
  "attribute": "WATER",
  "is_pendulum": false,
  "is_xyz": false,
  "is_synchro": false,
  "is_fusion": false,
  "is_link": false,
  "is_extra_deck": false,
  "monster_types": [
    "Normal"
  ],
  "stars": "4"
}