{
  "name": "Arnis, the Empowered Warrior",
  "number": "29687169",
  "is_illegal": false,
  "text": "When this card you control is destroyed by battle with an opponent's attacking monster and sent to your Graveyard: You can Special Summon 1 Spellcaster-Type monster with 1500 or less ATK from your Deck in Attack Position.",
  "type": "Monster",
  "is_monster": true,
  "is_spell": false,
  "is_trap": false,
  "species": "Warrior",
  "attack": "1700",
  "defense": "1200",
  "attribute": "FIRE",
  "is_pendulum": false,
  "is_xyz": false,
  "is_synchro": false,
  "is_fusion": false,
  "is_link": false,
  "is_extra_deck": false,
  "monster_types": [
    "Effect"
  ],
  "stars": "4"
}