{
  "name": "Aroma Jar",
  "number": "21452275",
  "is_illegal": false,
  "text": "If this card is flipped face-up, this card cannot be destroyed by battle while it is face-up on the field. If this card is flipped face-up, during each player's End Phase: You gain 500 LP.",
  "type": "Monster",
  "is_monster": true,
  "is_spell": false,
  "is_trap": false,
  "species": "Rock",
  "attack": "500",
  "defense": "400",
  "attribute": "WIND",
  "is_pendulum": false,
  "is_xyz": false,
  "is_synchro": false,
  "is_fusion": false,
  "is_link": false,
  "is_extra_deck": false,
  "monster_types": [
    "Flip",
    "Effect"
  ],
  "stars": "1"
}