{
  "name": "Aromaseraphy Rosemary",
  "number": "38148100",
  "is_illegal": false,
  "text": "1 Tuner + 1 or more non-Tuner monsters\nWhile your LP is higher than your opponent's, all Plant-Type monsters you control gain 500 ATK and DEF. Once per turn, if you gain LP: Target 1 face-up card your opponent controls; that face-up card has its effects negated until the end of this turn.",
  "type": "Monster",
  "is_monster": true,
  "is_spell": false,
  "is_trap": false,
  "species": "Plant",
  "attack": "2000",
  "defense": "900",
  "attribute": "LIGHT",
  "is_pendulum": false,
  "is_xyz": false,
  "is_synchro": true,
  "is_fusion": false,
  "is_link": false,
  "is_extra_deck": true,
  "monster_types": [
    "Synchro"
  ],
  "stars": "5"
}