{
  "name": "Aromage Rosemary",
  "number": "58569561",
  "is_illegal": false,
  "text": "While your LP is higher than your opponent's, if a Plant-Type monster you control attacks, your opponent cannot activate monster effects until the end of the Damage Step. Once per turn, if you gain LP: Target 1 face-up monster on the field; change its battle position.",
  "type": "Monster",
  "is_monster": true,
  "is_spell": false,
  "is_trap": false,
  "species": "Plant",
  "attack": "1800",
  "defense": "700",
  "attribute": "WATER",
  "is_pendulum": false,
  "is_xyz": false,
  "is_synchro": false,
  "is_fusion": false,
  "is_link": false,
  "is_extra_deck": false,
  "monster_types": [
    "Effect"
  ],
  "stars": "4"
}