{
  "name": "Aromaseraphy Angelica",
  "number": "16759958",
  "is_illegal": false,
  "text": "During either player's turn: You can discard this card, then target 1 \"Aroma\" monster in your Graveyard; gain LP equal to that target's ATK. While your LP is higher than your opponent's, you control an \"Aroma\" monster, and this card is in your Graveyard: You can Special Summon this card, but banish it when it leaves the field. You can only use each effect of \"Aromaseraphy Angelica\" once per turn.",
  "type": "Monster",
  "is_monster": true,
  "is_spell": false,
  "is_trap": false,
  "species": "Plant",
  "attack": "0",
  "defense": "0",
  "attribute": "LIGHT",
  "is_pendulum": false,
  "is_xyz": false,
  "is_synchro": false,
  "is_fusion": false,
  "is_link": false,
  "is_extra_deck": false,
  "monster_types": [
    "Tuner"
  ],
  "stars": "1"
}