{
  "name": "Artifact Moralltach",
  "number": "85103922",
  "is_illegal": false,
  "text": "You can Set this card from your hand to your Spell & Trap Zone as a Spell Card. During your opponent's turn, if this Set card in the Spell & Trap Zone is destroyed and sent to your Graveyard: Special Summon it. If this card is Special Summoned during your opponent's turn: You can destroy 1 face-up card your opponent controls.",
  "type": "Monster",
  "is_monster": true,
  "is_spell": false,
  "is_trap": false,
  "species": "Fairy",
  "attack": "2100",
  "defense": "1400",
  "attribute": "LIGHT",
  "is_pendulum": false,
  "is_xyz": false,
  "is_synchro": false,
  "is_fusion": false,
  "is_link": false,
  "is_extra_deck": false,
  "monster_types": [
    "Effect"
  ],
  "stars": "5"
}