{
  "name": "Artifact Labrys",
  "number": "47863787",
  "is_illegal": false,
  "text": "You can Set this card from your hand to your Spell & Trap Zone as a Spell Card. During your opponent's turn, if this Set card in your Spell & Trap Zone is destroyed and sent to your Graveyard: Special Summon it. When an \"Artifact\" card(s) is destroyed and sent to your Graveyard (except during the Damage Step): You can Special Summon this card from your hand.",
  "type": "Monster",
  "is_monster": true,
  "is_spell": false,
  "is_trap": false,
  "species": "Fairy",
  "attack": "2300",
  "defense": "1000",
  "attribute": "LIGHT",
  "is_pendulum": false,
  "is_xyz": false,
  "is_synchro": false,
  "is_fusion": false,
  "is_link": false,
  "is_extra_deck": false,
  "monster_types": [
    "Effect"
  ],
  "stars": "5"
}