{
  "name": "Artifacts Unleashed",
  "number": "56611470",
  "is_illegal": false,
  "text": "Target 2 \"Artifact\" monsters you control; immediately after this effect resolves, Xyz Summon 1 Xyz Monster using those 2 monsters only, also for the rest of this turn after this card resolves, monsters you control cannot attack, except \"Artifact\" monsters. If this card in its owner's possession is destroyed by an opponent's card: You can reveal 1 Level 5 LIGHT monster in your hand; draw 1 card.",
  "type": "Spell",
  "is_monster": false,
  "is_spell": true,
  "is_trap": false,
  "property": "Quick-Play"
}