{
  "name": "Ash Blossom & Joyous Spring",
  "number": "14558127",
  "is_illegal": false,
  "text": "During either player's turn, when a card or effect is activated that includes any of these effects: You can discard this card; negate that effect.\n• Add a card from the Deck to the hand.\n• Special Summon from the Deck.\n• Send a card from the Deck to the Graveyard.\nYou can only use this effect of \"Ash Blossom & Joyous Spring\" once per turn.",
  "type": "Monster",
  "is_monster": true,
  "is_spell": false,
  "is_trap": false,
  "species": "Zombie",
  "attack": "0",
  "defense": "1800",
  "attribute": "FIRE",
  "is_pendulum": false,
  "is_xyz": false,
  "is_synchro": false,
  "is_fusion": false,
  "is_link": false,
  "is_extra_deck": false,
  "monster_types": [
    "Tuner"
    "Effect"
  ],
  "stars": "3"
}
