{
  "name": "Assault Blackwing - Raikiri the Rain Shower",
  "number": "16051717",
  "is_illegal": false,
  "text": "1 Tuner + 1 or more non-Tuner monsters\nIf this card is Synchro Summoned using a \"Blackwing\" monster as Material, it is treated as a Tuner monster while face-up on the field. Once per turn: You can target cards your opponent controls, up to the number of other \"Blackwing\" monsters you control; destroy them.",
  "type": "Monster",
  "is_monster": true,
  "is_spell": false,
  "is_trap": false,
  "species": "Winged Beast",
  "attack": "2600",
  "defense": "2000",
  "attribute": "DARK",
  "is_pendulum": false,
  "is_xyz": false,
  "is_synchro": true,
  "is_fusion": false,
  "is_link": false,
  "is_extra_deck": true,
  "monster_types": [
    "Synchro"
  ],
  "stars": "7"
}