{
  "name": "Assault Spirits",
  "number": "87043568",
  "is_illegal": false,
  "text": "After activation, treat this card as an Equip Card, and equip it to a monster you control. Once per turn, during the equipped monster's attack, you can send 1 monster with 1000 or less ATK from your hand to the Graveyard during the Damage Step to have the equipped monster gain the ATK of the sent monster, until the End Phase.",
  "type": "Trap",
  "is_monster": false,
  "is_spell": false,
  "is_trap": true,
  "property": "Normal"
}