{
  "name": "Assault Wyvern",
  "number": "29311166",
  "is_illegal": false,
  "text": "When this card destroys an opponent's monster by battle: You can Tribute this card; Special Summon 1 Dragon-Type monster from your hand or Graveyard, except \"Assault Wyvern\".",
  "type": "Monster",
  "is_monster": true,
  "is_spell": false,
  "is_trap": false,
  "species": "Dragon",
  "attack": "1800",
  "defense": "1100",
  "attribute": "LIGHT",
  "is_pendulum": false,
  "is_xyz": false,
  "is_synchro": false,
  "is_fusion": false,
  "is_link": false,
  "is_extra_deck": false,
  "monster_types": [
    "Effect"
  ],
  "stars": "4"
}