{
  "name": "Assault Blackwing - Sayo the Rain Hider",
  "number": "17994645",
  "is_illegal": false,
  "text": "1 Tuner + 1 non-Tuner monster\nIf this card is Synchro Summoned using a \"Blackwing\" monster as Material, it is treated as a Tuner while face-up on the field. Twice per turn, this card cannot be destroyed by battle.",
  "type": "Monster",
  "is_monster": true,
  "is_spell": false,
  "is_trap": false,
  "species": "Winged Beast",
  "attack": "800",
  "defense": "100",
  "attribute": "DARK",
  "is_pendulum": false,
  "is_xyz": false,
  "is_synchro": true,
  "is_fusion": false,
  "is_link": false,
  "is_extra_deck": true,
  "monster_types": [
    "Synchro"
  ],
  "stars": "2"
}