{
  "name": "Astrograph Sorcerer",
  "number": "76794549",
  "is_illegal": false,
  "text": "If a card(s) you control is destroyed by battle or card effect: You can Special Summon this card from your hand, then you can choose 1 monster in the Graveyard, Extra Deck, or that is banished, and that was destroyed this turn, and add 1 monster with the same name from your Deck to your hand. You can banish this card you control, plus 4 monsters from your hand, field, and/or Graveyard (1 each with \"Pendulum Dragon\", \"Xyz Dragon\", \"Synchro Dragon\", and \"Fusion Dragon\" in their names); Special Summon 1 \"Supreme King Z-ARC\" from your Extra Deck. (This is treated as a Fusion Summon.)",
  "type": "Monster",
  "is_monster": true,
  "is_spell": false,
  "is_trap": false,
  "species": "Spellcaster",
  "attack": "2500",
  "defense": "2000",
  "attribute": "DARK",
  "is_pendulum": true,
  "is_xyz": false,
  "is_synchro": false,
  "is_fusion": false,
  "is_link": false,
  "is_extra_deck": false,
  "monster_types": [
    "Pendulum",
    "Effect"
  ],
  "pendulum_left": "1",
  "pendulum_right": "1",
  "pendulum_text": "During your Main Phase: You can destroy this card, and if you do, take 1 \"Stargazer Magician\" from your hand or Deck, and either place it in your Pendulum Zone or Special Summon it. You can only use this effect of \"Astrograph Sorcerer\" once per turn.",
  "stars": "7"
}