{
  "name": "Atlantean Heavy Infantry",
  "number": "37104630",
  "is_illegal": false,
  "text": "During your Main Phase, you can Normal Summon 1 Level 4 or lower Sea Serpent-Type monster in addition to your Normal Summon/Set. (You can only gain this effect once per turn.) When this card is sent to the Graveyard to activate a WATER monster's effect: Target 1 face-up card your opponent controls; destroy that target.",
  "type": "Monster",
  "is_monster": true,
  "is_spell": false,
  "is_trap": false,
  "species": "Sea Serpent",
  "attack": "0",
  "defense": "1600",
  "attribute": "WATER",
  "is_pendulum": false,
  "is_xyz": false,
  "is_synchro": false,
  "is_fusion": false,
  "is_link": false,
  "is_extra_deck": false,
  "monster_types": [
    "Effect"
  ],
  "stars": "2"
}