{
  "name": "Atomic Firefly",
  "number": "87340664",
  "is_illegal": false,
  "text": "When this face-up card on the field attacks or is attacked and it is destroyed as a result of battle, the player who destroyed it takes 1000 points of damage.",
  "type": "Monster",
  "is_monster": true,
  "is_spell": false,
  "is_trap": false,
  "species": "Insect",
  "attack": "100",
  "defense": "200",
  "attribute": "LIGHT",
  "is_pendulum": false,
  "is_xyz": false,
  "is_synchro": false,
  "is_fusion": false,
  "is_link": false,
  "is_extra_deck": false,
  "monster_types": [
    "Effect"
  ],
  "stars": "1"
}