{
  "name": "Attack Gainer",
  "number": "31175914",
  "is_illegal": false,
  "text": "If this card is sent to the Graveyard as a Synchro Material Monster, select 1 face-up monster your opponent controls. The selected opponent's monster loses 1000 ATK until the End Phase.",
  "type": "Monster",
  "is_monster": true,
  "is_spell": false,
  "is_trap": false,
  "species": "Warrior",
  "attack": "0",
  "defense": "0",
  "attribute": "EARTH",
  "is_pendulum": false,
  "is_xyz": false,
  "is_synchro": false,
  "is_fusion": false,
  "is_link": false,
  "is_extra_deck": false,
  "monster_types": [
    "Tuner"
  ],
  "stars": "1"
}