{
  "name": "Auram the World Chalice Blademaster",
  "number": "4709881",
  "is_illegal": false,
  "text": "2 \"World Chalice\" monsters\nGains 300 ATK for each \"World Legacy\" monster in your GY with a different name. You can Tribute 1 \"World Chalice\" monster this card points to, then target 1 other monster in your GY; Special Summon it to your zone this card points to. You can only use this effect of \"Auram the World Chalice Blademaster\" once per turn. If this card is sent from the field to the GY: You can Special Summon 1 \"World Chalice\" monster from your hand.",
  "type": "Monster",
  "is_monster": true,
  "is_spell": false,
  "is_trap": false,
  "species": "Cyberse",
  "attack": "2000",
  "attribute": "FIRE",
  "is_pendulum": false,
  "is_xyz": false,
  "is_synchro": false,
  "is_fusion": false,
  "is_link": true,
  "is_extra_deck": true,
  "monster_types": [
    "Link"
  ],
  "link_markers": [
    "Bottom-Left",
    "Bottom-Right"
  ],
  "link_number": "2"
}