{
  "name": "Aurora Wing",
  "number": "70089580",
  "is_illegal": false,
  "text": "When this card is destroyed by battle and sent to the Graveyard: You can Special Summon this card in face-up Attack Position. You can only use the effect of \"Aurora Wing\" once per turn.",
  "type": "Monster",
  "is_monster": true,
  "is_spell": false,
  "is_trap": false,
  "species": "Winged Beast",
  "attack": "1200",
  "defense": "1600",
  "attribute": "WATER",
  "is_pendulum": false,
  "is_xyz": false,
  "is_synchro": false,
  "is_fusion": false,
  "is_link": false,
  "is_extra_deck": false,
  "monster_types": [
    "Effect"
  ],
  "stars": "4"
}