{
  "name": "Avatar of The Pot",
  "number": "99284890",
  "is_illegal": false,
  "text": "By sending 1 \"Pot of Greed\" from your hand to the Graveyard, draw 3 cards from your Deck.",
  "type": "Monster",
  "is_monster": true,
  "is_spell": false,
  "is_trap": false,
  "species": "Rock",
  "attack": "1200",
  "defense": "1300",
  "attribute": "EARTH",
  "is_pendulum": false,
  "is_xyz": false,
  "is_synchro": false,
  "is_fusion": false,
  "is_link": false,
  "is_extra_deck": false,
  "monster_types": [
    "Effect"
  ],
  "stars": "3"
}