{
  "name": "Avenging Knight Parshath",
  "number": "69514125",
  "is_illegal": false,
  "text": "1 Tuner + 1 or more non-Tuner LIGHT monsters\nOnce per turn: You can target 1 face-up monster your opponent controls; change that target's battle position. If this card attacks a Defense Position monster, inflict piercing battle damage to your opponent.",
  "type": "Monster",
  "is_monster": true,
  "is_spell": false,
  "is_trap": false,
  "species": "Fairy",
  "attack": "2600",
  "defense": "2100",
  "attribute": "LIGHT",
  "is_pendulum": false,
  "is_xyz": false,
  "is_synchro": true,
  "is_fusion": false,
  "is_link": false,
  "is_extra_deck": true,
  "monster_types": [
    "Synchro"
  ],
  "stars": "8"
}