{
  "name": "Aye-Iron",
  "number": "42969214",
  "is_illegal": false,
  "text": "Once per turn: You can have this card gain 400 ATK. This card cannot attack the turn you activate this effect.",
  "type": "Monster",
  "is_monster": true,
  "is_spell": false,
  "is_trap": false,
  "species": "Machine",
  "attack": "1600",
  "defense": "1800",
  "attribute": "EARTH",
  "is_pendulum": false,
  "is_xyz": false,
  "is_synchro": false,
  "is_fusion": false,
  "is_link": false,
  "is_extra_deck": false,
  "monster_types": [
    "Effect"
  ],
  "stars": "4"
}