{
  "name": "Ayers Rock Sunrise",
  "number": "42502956",
  "is_illegal": false,
  "text": "Target 1 Beast-Type monster in your Graveyard; Special Summon that target, and if you do, all face-up monsters your opponent currently controls lose 200 ATK for each Beast, Plant, and Winged Beast-Type monster currently in your Graveyard, until the end of this turn. You can only activate 1 \"Ayers Rock Sunrise\" per turn.",
  "type": "Spell",
  "is_monster": false,
  "is_spell": true,
  "is_trap": false,
  "property": "Normal"
}